gender,age,cnt_waybill,cnt_waybill_reject,cnt_waybill_ontime,interval_waybill,interval_work
1.0,31.14251211542408,12.61310517043887,1.7756370977520652,5.173920170246279,3.0189208865316437,3.730891294913988
0.997756549428282,35.35381386597192,38.379359412110475,0.5706597582819334,28.663079857321307,7.11681842480128,8.846211464704274
0.0,33.90632017965993,12.839342927217823,1.6809492190282662,5.805186140674561,3.163665734538668,3.717150019093692
